candidate_id,x_map,y_map,z_map,powered_feasible,energy_feasible,virtual_feasible,goal_reachable,feasible,mission_time_s,cumulative_hazard,detection_probability,objective,status_category,infeasibility_reason
0,3.5,0.9999999991574212,0.013089005235602079,False,False,False,False,False,,,,,powered_infeasible,powered segment intersects terrain
1,3.5,0.9999999993586592,0.5543348442983701,False,False,False,False,False,,,,,powered_infeasible,powered segment intersects terrain
2,3.5,0.9999999991009516,1.0955806833611383,False,False,False,False,False,,,,,powered_infeasible,powered segment intersects terrain
3,3.5,0.999999999336412,1.6368265224239065,False,False,False,False,False,,,,,powered_infeasible,powered segment intersects terrain
4,3.5,0.8118687585941522,1.9999999981721244,False,False,False,False,False,,,,,powered_infeasible,powered segment intersects terrain
5,3.5,0.27062291953138257,1.9999999981721244,False,False,False,False,False,,,,,powered_infeasible,powered segment intersects terrain
6,3.5,-0.27062291953138456,1.9999999981721241,False,False,False,False,False,,,,,powered_infeasible,powered segment intersects terrain
7,3.5,-0.8118687585941521,1.9999999981721244,False,False,False,False,False,,,,,powered_infeasible,powered segment intersects terrain
8,3.5,-0.9999999993364123,1.6368265224239078,False,False,False,False,False,,,,,powered_infeasible,powered segment intersects terrain
9,3.5,-0.999999999100952,1.095580683361142,False,False,False,False,False,,,,,powered_infeasible,powered segment intersects terrain
10,3.5,-0.9999999993586591,0.5543348442983742,False,False,False,False,False,,,,,powered_infeasible,powered segment intersects terrain
11,3.5,-0.9999999991574212,0.013089005235606478,False,False,False,False,False,,,,,powered_infeasible,powered segment intersects terrain
12,2.0,1.9999999983148424,0.026178010471204157,False,False,False,False,False,,,,,powered_infeasible,powered segment intersects terrain
13,2.0,1.9999999987173185,1.1086696885967402,False,False,False,False,False,,,,,powered_infeasible,powered segment intersects terrain
14,2.0,1.9999999982019032,2.1911613667222767,False,False,False,False,False,,,,,powered_infeasible,powered segment intersects terrain
15,2.0,1.999999998672824,3.273653044847813,False,False,False,False,False,,,,,powered_infeasible,powered segment intersects terrain
16,2.0,1.6237375171883044,3.9999999963442487,False,False,False,False,False,,,,,powered_infeasible,powered segment intersects terrain
17,2.0,0.5412458390627651,3.9999999963442487,False,False,False,False,False,,,,,powered_infeasible,powered segment intersects terrain
18,2.0,-0.5412458390627691,3.9999999963442483,False,False,False,False,False,,,,,powered_infeasible,powered segment intersects terrain
19,2.0000000000000004,-1.6237375171883042,3.9999999963442487,False,False,False,False,False,,,,,powered_infeasible,powered segment intersects terrain
20,2.0000000000000004,-1.9999999986728245,3.2736530448478156,False,False,False,False,False,,,,,powered_infeasible,powered segment intersects terrain
21,2.0,-1.999999998201904,2.191161366722284,False,False,False,False,False,,,,,powered_infeasible,powered segment intersects terrain
22,2.0,-1.9999999987173183,1.1086696885967484,False,False,False,False,False,,,,,powered_infeasible,powered segment intersects terrain
23,2.0,-1.9999999983148424,0.026178010471212956,False,False,False,False,False,,,,,powered_infeasible,powered segment intersects terrain
24,0.5,2.9999999974722638,0.039267015706806234,True,False,False,False,False,,,,,energy_infeasible,insufficient total energy
25,0.5,2.9999999980759777,1.6630045328951102,True,True,True,True,True,90.68077307322775,0.0172459504390233,0.017098090252410686,0.21356152236500636,feasible,
26,0.5,2.999999997302855,3.286742050083415,True,True,True,True,True,143.52029240342188,0.022021501289798004,0.021780798149454578,0.33536661147663244,feasible,
27,0.5,2.999999998009236,4.91047956727172,True,True,True,True,True,197.44801724735748,0.017645871063709736,0.017491094407690817,0.4550554545108828,feasible,
28,0.5,2.4356062757824564,5.999999994516373,True,True,False,False,False,,,,,virtual_infeasible,no admissible virtual connection: outside lattice domain
29,0.5,0.8118687585941478,5.999999994516373,True,True,False,False,False,,,,,virtual_infeasible,no admissible virtual connection: outside lattice domain
30,0.5,-0.8118687585941537,5.999999994516372,True,True,False,False,False,,,,,virtual_infeasible,no admissible virtual connection: outside lattice domain
31,0.5000000000000009,-2.4356062757824564,5.999999994516373,True,True,False,False,False,,,,,virtual_infeasible,no admissible virtual connection: outside lattice domain
32,0.5000000000000009,-2.999999998009237,4.910479567271723,True,True,True,True,True,197.44801724735748,0.017645871063709736,0.017491094407690817,0.4550554545108828,feasible,
33,0.5,-2.999999997302856,3.2867420500834257,True,True,True,True,True,143.52029240342188,0.022021501289798007,0.02178079814945458,0.33536661147663244,feasible,
34,0.5,-2.9999999980759773,1.6630045328951226,True,True,True,True,True,90.68077307322775,0.017245950439023307,0.017098090252410693,0.2135615223650064,feasible,
35,0.5,-2.9999999974722638,0.03926701570681943,True,False,False,False,False,,,,,energy_infeasible,insufficient total energy
36,-1.0,3.999999996629685,0.052356020942408314,True,False,False,False,False,,,,,energy_infeasible,insufficient total energy
37,-1.0,3.999999997434637,2.2173393771934804,True,True,False,False,False,,,,,virtual_infeasible,no admissible virtual connection: virtual-segment turn-rate limit exceeded
38,-1.0,3.9999999964038064,4.382322733444553,True,True,False,False,False,,,,,virtual_infeasible,no admissible virtual connection: virtual-segment turn-rate limit exceeded
39,-1.0,3.999999997345648,6.547306089695626,True,True,False,False,False,,,,,virtual_infeasible,no admissible virtual connection: outside lattice domain
40,-1.0,3.247475034376609,7.9999999926884975,True,True,False,False,False,,,,,virtual_infeasible,no admissible virtual connection: outside lattice domain
41,-1.0,1.0824916781255303,7.9999999926884975,True,True,False,False,False,,,,,virtual_infeasible,no admissible virtual connection: outside lattice domain
42,-1.0,-1.0824916781255383,7.999999992688497,True,True,False,False,False,,,,,virtual_infeasible,no admissible virtual connection: outside lattice domain
43,-0.9999999999999991,-3.2474750343766083,7.9999999926884975,True,True,False,False,False,,,,,virtual_infeasible,no admissible virtual connection: outside lattice domain
44,-0.9999999999999991,-3.999999997345649,6.547306089695631,True,True,False,False,False,,,,,virtual_infeasible,no admissible virtual connection: outside lattice domain
45,-1.0,-3.999999996403808,4.382322733444568,True,True,False,False,False,,,,,virtual_infeasible,no admissible virtual connection: virtual-segment turn-rate limit exceeded
46,-1.0,-3.9999999974346365,2.217339377193497,True,True,False,False,False,,,,,virtual_infeasible,no admissible virtual connection: virtual-segment turn-rate limit exceeded
47,-1.0,-3.999999996629685,0.05235602094242591,True,False,False,False,False,,,,,energy_infeasible,insufficient total energy
48,-2.5,4.999999995787106,0.06544502617801039,True,False,False,False,False,,,,,energy_infeasible,insufficient total energy
49,-2.5,4.999999996793296,2.7716742214918506,True,True,False,False,False,,,,,virtual_infeasible,no admissible virtual connection: outside lattice domain
50,-2.5,4.9999999955047585,5.477903416805692,True,True,False,False,False,,,,,virtual_infeasible,no admissible virtual connection: outside lattice domain
51,-2.5,4.99999999668206,8.184132612119532,True,True,False,False,False,,,,,virtual_infeasible,no admissible virtual connection: outside lattice domain
52,-2.5,4.059343792970761,9.999999990860623,True,True,False,False,False,,,,,virtual_infeasible,no admissible virtual connection: outside lattice domain
53,-2.5,1.3531145976569128,9.999999990860623,True,True,False,False,False,,,,,virtual_infeasible,no admissible virtual connection: outside lattice domain
54,-2.5,-1.3531145976569228,9.999999990860621,True,True,False,False,False,,,,,virtual_infeasible,no admissible virtual connection: outside lattice domain
55,-2.499999999999999,-4.05934379297076,9.999999990860623,True,True,False,False,False,,,,,virtual_infeasible,no admissible virtual connection: outside lattice domain
56,-2.499999999999999,-4.999999996682061,8.184132612119539,True,True,False,False,False,,,,,virtual_infeasible,no admissible virtual connection: outside lattice domain
57,-2.5,-4.99999999550476,5.4779034168057095,True,True,False,False,False,,,,,virtual_infeasible,no admissible virtual connection: outside lattice domain
58,-2.5,-4.999999996793296,2.771674221491871,True,True,False,False,False,,,,,virtual_infeasible,no admissible virtual connection: outside lattice domain
59,-2.5,-4.999999995787106,0.06544502617803238,True,False,False,False,False,,,,,energy_infeasible,insufficient total energy
60,-4.0,5.9999999949445275,0.07853403141361247,True,False,False,False,False,,,,,energy_infeasible,insufficient total energy
61,-4.0,5.9999999961519555,3.3260090657902204,True,True,False,False,False,,,,,virtual_infeasible,no admissible virtual connection: outside lattice domain
62,-4.0,5.99999999460571,6.57348410016683,True,True,False,False,False,,,,,virtual_infeasible,no admissible virtual connection: outside lattice domain
63,-4.0,5.999999996018472,9.82095913454344,True,True,False,False,False,,,,,virtual_infeasible,no admissible virtual connection: outside lattice domain
64,-4.0,4.871212551564913,11.999999989032746,True,True,False,False,False,,,,,virtual_infeasible,no admissible virtual connection: outside lattice domain
65,-4.0,1.6237375171882955,11.999999989032746,True,True,False,False,False,,,,,virtual_infeasible,no admissible virtual connection: outside lattice domain
66,-4.0,-1.6237375171883075,11.999999989032744,True,True,False,False,False,,,,,virtual_infeasible,no admissible virtual connection: outside lattice domain
67,-3.9999999999999982,-4.871212551564913,11.999999989032746,True,True,False,False,False,,,,,virtual_infeasible,no admissible virtual connection: outside lattice domain
68,-3.9999999999999982,-5.999999996018474,9.820959134543447,True,True,False,False,False,,,,,virtual_infeasible,no admissible virtual connection: outside lattice domain
69,-4.0,-5.999999994605712,6.573484100166851,True,True,False,False,False,,,,,virtual_infeasible,no admissible virtual connection: outside lattice domain
70,-4.0,-5.999999996151955,3.3260090657902452,True,True,False,False,False,,,,,virtual_infeasible,no admissible virtual connection: outside lattice domain
71,-4.0,-5.9999999949445275,0.07853403141363886,True,False,False,False,False,,,,,energy_infeasible,insufficient total energy
72,-5.5,6.999999994101948,0.09162303664921455,True,False,False,False,False,,,,,energy_infeasible,insufficient total energy
73,-5.5,6.999999995510615,3.8803439100885906,True,True,False,False,False,,,,,virtual_infeasible,no admissible virtual connection: outside lattice domain
74,-5.5,6.999999993706661,7.669064783527968,True,True,False,False,False,,,,,virtual_infeasible,no admissible virtual connection: outside lattice domain
75,-5.5,6.999999995354885,11.457785656967346,True,True,False,False,False,,,,,virtual_infeasible,no admissible virtual connection: outside lattice domain
76,-5.5,5.683081310159065,13.99999998720487,True,True,False,False,False,,,,,virtual_infeasible,no admissible virtual connection: outside lattice domain
77,-5.5,1.894360436719678,13.99999998720487,True,True,False,False,False,,,,,virtual_infeasible,no admissible virtual connection: outside lattice domain
78,-5.5,-1.894360436719692,13.99999998720487,True,True,False,False,False,,,,,virtual_infeasible,no admissible virtual connection: outside lattice domain
79,-5.499999999999998,-5.683081310159064,13.99999998720487,True,True,False,False,False,,,,,virtual_infeasible,no admissible virtual connection: outside lattice domain
80,-5.499999999999998,-6.9999999953548855,11.457785656967355,True,True,False,False,False,,,,,virtual_infeasible,no admissible virtual connection: outside lattice domain
81,-5.5,-6.999999993706664,7.669064783527993,True,True,False,False,False,,,,,virtual_infeasible,no admissible virtual connection: outside lattice domain
82,-5.5,-6.999999995510614,3.8803439100886195,True,True,False,False,False,,,,,virtual_infeasible,no admissible virtual connection: outside lattice domain
83,-5.5,-6.999999994101948,0.09162303664924534,True,False,False,False,False,,,,,energy_infeasible,insufficient total energy
84,-7.0,7.99999999325937,0.10471204188481663,True,False,False,False,False,,,,,energy_infeasible,insufficient total energy
85,-7.0,7.999999994869274,4.434678754386961,True,True,False,False,False,,,,,virtual_infeasible,no admissible virtual connection: outside lattice domain
86,-7.0,7.999999992807613,8.764645466889107,True,True,False,False,False,,,,,virtual_infeasible,no admissible virtual connection: outside lattice domain
87,-7.0,7.999999994691296,13.094612179391252,True,True,False,False,False,,,,,virtual_infeasible,no admissible virtual connection: outside lattice domain
88,-7.0,6.494950068753218,15.999999985376995,True,True,False,False,False,,,,,virtual_infeasible,no admissible virtual connection: outside lattice domain
89,-7.0,2.1649833562510605,15.999999985376995,True,True,False,False,False,,,,,virtual_infeasible,no admissible virtual connection: outside lattice domain
90,-7.0,-2.1649833562510765,15.999999985376993,True,True,False,False,False,,,,,virtual_infeasible,no admissible virtual connection: outside lattice domain
91,-6.999999999999998,-6.494950068753217,15.999999985376995,True,True,False,False,False,,,,,virtual_infeasible,no admissible virtual connection: outside lattice domain
92,-6.999999999999998,-7.999999994691298,13.094612179391262,True,True,False,False,False,,,,,virtual_infeasible,no admissible virtual connection: outside lattice domain
93,-7.0,-7.999999992807616,8.764645466889135,True,True,False,False,False,,,,,virtual_infeasible,no admissible virtual connection: outside lattice domain
94,-7.0,-7.999999994869273,4.434678754386994,True,True,False,False,False,,,,,virtual_infeasible,no admissible virtual connection: outside lattice domain
95,-7.0,-7.99999999325937,0.10471204188485182,True,False,False,False,False,,,,,energy_infeasible,insufficient total energy
