profile,algorithm_variant,source,requested_heading_spacing_deg,realized_heading_spacing_deg,N_psi,maximum_heading_quantization_error_deg,status_counts,successful_repetitions,T_SSE_median_s,T_Bellman_median_s,peak_rss_median_bytes,N_S_cart,N_S_active,N_E,J_A,J_D,deterministic_solution_identity,all_completed_replays_pass,all_completed_exactness_checks_pass
canonical_anchor,local_sse,reused_stage14_2c_isolated_process_rows,5.0,5.0,72,2.5,"{""completed"": 3}",3,80.96112439999706,8.658322400136967,207802368.0,3243240,1106702,29025128,7.1945895064610585,0.9999991723787202,True,True,True
heading_15deg,local_sse,reused_stage14_2c_isolated_process_rows,15.0,15.0,24,7.5,"{""completed"": 3}",3,7.132430099998601,0.1695964999817079,100061184.0,1081080,22926,64554,9.649314970197922,0.9999999937978457,True,True,True
heading_10deg,local_sse,reused_stage14_2c_isolated_process_rows,10.0,10.0,36,5.0,"{""completed"": 3}",3,17.537331599989557,1.0182494006876368,129495040.0,1621620,229792,1688327,8.8809260619725,0.9999999709805552,True,True,True
canonical_anchor,global_oracle,reused_stage14_2c_isolated_process_rows,5.0,5.0,72,2.5,"{""completed"": 3}",3,95.09966130000248,10.480958999949507,209899520.0,3243240,1106702,29025128,7.1945895064610585,0.9999991723787202,True,True,True
heading_15deg,global_oracle,reused_stage14_2c_isolated_process_rows,15.0,15.0,24,7.5,"{""completed"": 3}",3,8.9452495000005,0.2049800001695985,100827136.0,1081080,22926,64554,9.649314970197922,0.9999999937978457,True,True,True
heading_10deg,global_oracle,reused_stage14_2c_isolated_process_rows,10.0,10.0,36,5.0,"{""completed"": 3}",3,20.61576739999873,1.2381899003812578,129904640.0,1621620,229792,1688327,8.8809260619725,0.9999999709805552,True,True,True
heading_45p0deg,local_sse,new_stage14_4_isolated_process_rows,45.0,45.0,8,22.5,"{""initial_neighborhood_infeasible"": 3}",0,,,,,,,,,False,False,False
heading_45p0deg,global_oracle,new_stage14_4_isolated_process_rows,45.0,45.0,8,22.5,"{""model_infeasible"": 3}",0,,,,,,,,,False,False,False
heading_36p0deg,local_sse,new_stage14_4_isolated_process_rows,36.0,36.0,10,18.0,"{""initial_neighborhood_infeasible"": 3}",0,,,,,,,,,False,False,False
heading_36p0deg,global_oracle,new_stage14_4_isolated_process_rows,36.0,36.0,10,18.0,"{""model_infeasible"": 3}",0,,,,,,,,,False,False,False
heading_30p0deg,local_sse,new_stage14_4_isolated_process_rows,30.0,30.0,12,15.0,"{""initial_neighborhood_infeasible"": 3}",0,,,,,,,,,False,False,False
heading_30p0deg,global_oracle,new_stage14_4_isolated_process_rows,30.0,30.0,12,15.0,"{""model_infeasible"": 3}",0,,,,,,,,,False,False,False
heading_22p5deg,local_sse,new_stage14_4_isolated_process_rows,22.5,22.5,16,11.25,"{""initial_neighborhood_infeasible"": 3}",0,,,,,,,,,False,False,False
heading_22p5deg,global_oracle,new_stage14_4_isolated_process_rows,22.5,22.5,16,11.25,"{""model_infeasible"": 3}",0,,,,,,,,,False,False,False
heading_20p0deg,local_sse,new_stage14_4_isolated_process_rows,20.0,20.0,18,10.0,"{""initial_neighborhood_infeasible"": 3}",0,,,,,,,,,False,False,False
heading_20p0deg,global_oracle,new_stage14_4_isolated_process_rows,20.0,20.0,18,10.0,"{""model_infeasible"": 3}",0,,,,,,,,,False,False,False
heading_18p0deg,local_sse,new_stage14_4_isolated_process_rows,18.0,18.0,20,9.0,"{""completed"": 3}",3,7.679022999989684,0.1851384000328835,93683712.0,900900,27994,76066,9.498467564271586,0.9999999907028562,True,True,True
heading_18p0deg,global_oracle,new_stage14_4_isolated_process_rows,18.0,18.0,20,9.0,"{""completed"": 3}",3,9.12001969999983,0.22365639981580898,93995008.0,900900,27994,76066,9.498467564271586,0.9999999907028562,True,True,True
heading_12p0deg,local_sse,new_stage14_4_isolated_process_rows,12.0,12.0,30,6.0,"{""completed"": 3}",3,17.144227900003898,1.0398774003842846,118059008.0,1351350,283324,2136794,8.540254821294537,0.9999999431529204,True,True,True
heading_12p0deg,global_oracle,new_stage14_4_isolated_process_rows,12.0,12.0,30,6.0,"{""completed"": 3}",3,20.64231069998641,1.266266400445602,119029760.0,1351350,283324,2136794,8.540254821294537,0.9999999431529204,True,True,True
heading_9p0deg,local_sse,new_stage14_4_isolated_process_rows,9.0,9.0,40,4.5,"{""completed"": 3}",3,19.980486700005713,1.332049499702407,138690560.0,1801800,337084,2696878,8.840456256167457,0.9999999685659098,True,True,True
heading_9p0deg,global_oracle,new_stage14_4_isolated_process_rows,9.0,9.0,40,4.5,"{""completed"": 3}",3,23.9039202999993,1.6246619001030922,139952128.0,1801800,337084,2696878,8.840456256167457,0.9999999685659098,True,True,True
heading_7p5deg,local_sse,new_stage14_4_isolated_process_rows,7.5,7.5,48,3.75,"{""completed"": 3}",3,37.38599039999826,2.8160042996896664,157716480.0,2162160,577093,7763310,8.428097184864779,0.9999999288228861,True,True,True
heading_7p5deg,global_oracle,new_stage14_4_isolated_process_rows,7.5,7.5,48,3.75,"{""completed"": 3}",3,44.31869900001038,3.4197231000871398,158953472.0,2162160,577093,7763310,8.428097184864779,0.9999999288228861,True,True,True
heading_6p0deg,local_sse,new_stage14_4_isolated_process_rows,6.0,6.0,60,3.0,"{""completed"": 3}",3,59.572702999998,6.046225499783759,183091200.0,2702700,859256,19120088,6.8880972081625895,0.9999984708353638,True,True,True
heading_6p0deg,global_oracle,new_stage14_4_isolated_process_rows,6.0,6.0,60,3.0,"{""completed"": 3}",3,70.99596390000079,7.3420059003838105,184250368.0,2702700,859256,19120088,6.8880972081625895,0.9999984708353638,True,True,True
heading_4p5deg,local_sse,new_stage14_4_isolated_process_rows,4.5,4.5,80,2.25,"{""completed"": 3}",3,85.12918990000617,10.26419829990482,224833536.0,3603600,1318383,35721107,6.7832709166531755,0.9999981179909629,True,True,True
heading_4p5deg,global_oracle,new_stage14_4_isolated_process_rows,4.5,4.5,80,2.25,"{""completed"": 3}",3,100.76176889998897,12.380509099108167,227020800.0,3603600,1318383,35721107,6.7832709166531755,0.9999981179909629,True,True,True
heading_4p0deg,local_sse,new_stage14_4_isolated_process_rows,4.0,4.0,90,2.0,"{""completed"": 3}",3,135.18028299999423,14.02766699960921,249180160.0,4054050,1169434,39049248,4.86926915224981,0.9999081126619958,True,True,True
heading_4p0deg,global_oracle,new_stage14_4_isolated_process_rows,4.0,4.0,90,2.0,"{""completed"": 3}",3,161.0628058000002,17.048934700578684,251039744.0,4054050,1169434,39049248,4.86926915224981,0.9999081126619958,True,True,True
heading_3p0deg,local_sse,new_stage14_4_isolated_process_rows,3.0,3.0,120,1.5,"{""completed"": 3}",3,251.6229611000017,24.570541700319154,318271488.0,5405400,1537246,71071096,5.321958196654877,0.9999643734014034,True,True,True
heading_3p0deg,global_oracle,new_stage14_4_isolated_process_rows,3.0,3.0,120,1.5,"{""completed"": 3}",3,296.2788217999914,29.728252099695965,319610880.0,5405400,1537246,71071096,5.321958196654877,0.9999643734014034,True,True,True
heading_2p5deg,local_sse,new_stage14_4_isolated_process_rows,2.5,2.5,144,1.25,"{""completed"": 3}",3,327.3392365000036,34.93646969893598,369467392.0,6486480,1542009,85355093,4.700252845945528,0.999871519669282,True,True,True
heading_2p5deg,global_oracle,new_stage14_4_isolated_process_rows,2.5,2.5,144,1.25,"{""completed"": 3}",3,393.17338530000416,42.860118600408896,373055488.0,6486480,1542009,85355093,4.700252845945528,0.999871519669282,True,True,True
heading_2p0deg,local_sse,new_stage14_4_isolated_process_rows,2.0,2.0,180,1.0,"{""completed"": 3}",3,422.7254826999997,45.42148649919545,446767104.0,8108100,2185850,125067559,4.344826387245156,0.99974501217723,True,True,True
heading_2p0deg,global_oracle,new_stage14_4_isolated_process_rows,2.0,2.0,180,1.0,"{""completed"": 3}",3,497.4701017000043,55.13916199965752,450629632.0,8108100,2185850,125067559,4.344826387245156,0.99974501217723,True,True,True
heading_1p5deg,local_sse,new_stage14_4_isolated_process_rows,1.5,1.5,240,0.75,"{""completed"": 3}",3,570.531954799997,61.07236760055821,577409024.0,10810800,1720771,96990146,4.439300850254684,0.9997728583023344,True,True,True
heading_1p5deg,global_oracle,new_stage14_4_isolated_process_rows,1.5,1.5,240,0.75,"{""completed"": 3}",3,686.7501435000013,75.04436290093872,581267456.0,10810800,1720771,96990146,4.439300850254684,0.9997728583023344,True,True,True
heading_1p0deg,local_sse,new_stage14_4_isolated_process_rows,1.0,1.0,360,0.5,"{""completed"": 3}",3,673.0927128000039,85.22816139890347,822489088.0,16216200,2063462,130426835,4.405259248468236,0.9997724548155763,True,True,True
heading_1p0deg,global_oracle,new_stage14_4_isolated_process_rows,1.0,1.0,360,0.5,"{""completed"": 3}",3,817.2691237000108,105.45910540013574,829243392.0,16216200,2063462,130426835,4.405259248468236,0.9997724548155763,True,True,True
